{"cameraMode":{"drawMode":0,"name":"Shaded","section":"Shading Mode"},"sceneLighting":false,"audioPlay":false,"sceneViewState":{"showFog":true,"showMaterialUpdate":false,"showSkybox":false,"showFlares":true,"showImageEffects":true,"showParticleSystems":true},"in2DMode":false,"pivot":{"x":0.0,"y":-0.2390000820159912,"z":0.2552349269390106},"rotation":{"x":-0.1498638242483139,"y":0.7488937973976135,"z":-0.18113094568252564,"w":-0.6196013689041138},"size":0.5603267550468445,"orthographic":false}