{"cameraMode":{"drawMode":0,"name":"Shaded","section":"Shading Mode"},"sceneLighting":false,"audioPlay":false,"sceneViewState":{"showFog":true,"showMaterialUpdate":false,"showSkybox":false,"showFlares":true,"showImageEffects":true,"showParticleSystems":true},"in2DMode":false,"pivot":{"x":-0.6383558511734009,"y":-0.9310773015022278,"z":0.47243261337280276},"rotation":{"x":-0.23885922133922578,"y":0.2631429433822632,"z":-0.06741589307785034,"w":-0.9322951436042786},"size":1.8073949813842774,"orthographic":false}